{"window":{"fullscreen":0,"resizable":1,"borderless":0,"fullscreen_desktop":0,"width":1684,"height":1027,"brightness":1.0},"renderer":{"msaa":1,"msaa_level":8,"picker_debug":0,"light_debug":0,"quadtree_debug":0,"grid_debug":0,"current_scale":100,"depthTest":1,"wireframe":0,"vsync":0,"frustumMainCamera":1,"skybox":1},"camera":{"position":[2253.847412109375,1532.441162109375,-586.3052978515625],"forward":[-0.9400907754898071,-0.34010034799575808,0.023691367357969285],"up":[-0.33998051285743716,0.9403934478759766,0.0085684172809124],"movement":5.0,"rotation":200.0,"zoom":0.10000000149011612,"fov":1.0452078580856324,"znear":10.0,"zfar":100000.0},"textures":{"filter":0},"scene":{"sphereUID":4069615675,"cubeUID":3441925136,"ambient":[0.24590164422988892,0.24589918553829194,0.24589918553829194]}}