{"window":{"fullscreen":0,"resizable":1,"borderless":0,"fullscreen_desktop":0,"width":1920,"height":1027,"brightness":1.0},"renderer":{"msaa":1,"msaa_level":2,"picker_debug":0,"light_debug":0,"quadtree_debug":0,"grid_debug":0,"current_scale":100,"depthTest":1,"wireframe":0,"vsync":0,"frustumMainCamera":1,"skybox":1},"camera":{"position":[2311.173828125,5242.13525390625,1826.22119140625],"forward":[-0.4822410047054291,-0.7602759003639221,-0.43522894382476809],"up":[-0.564308226108551,0.6497477889060974,-0.5092976093292236],"movement":5.0,"rotation":200.0,"zoom":0.10000000149011612,"fov":0.9452078342437744,"znear":10.0,"zfar":100000.0},"textures":{"filter":3},"scene":{"sphereUID":4069615675,"cubeUID":3441925136,"ambient":[0.24590164422988892,0.24589918553829194,0.24589918553829194],"defaultscene":"UnityScene"}}