{"window":{"fullscreen":0,"resizable":1,"borderless":0,"fullscreen_desktop":0,"width":1920,"height":1017,"brightness":1.0},"renderer":{"msaa":1,"msaa_level":2,"picker_debug":0,"light_debug":0,"quadtree_debug":0,"grid_debug":0,"current_scale":100,"depthTest":1,"wireframe":0,"vsync":0,"frustumMainCamera":0,"skybox":1},"camera":{"position":[731.4232788085938,1108.20166015625,831.406494140625],"forward":[-0.31906282901763918,-0.47437387704849245,-0.8204684257507324],"up":[-0.17193110287189485,0.880323588848114,-0.4421200752258301],"movement":5.0,"rotation":200.0,"zoom":0.10000000149011612,"fov":1.0950020551681519,"znear":10.0,"zfar":100000.0},"textures":{"filter":3},"scene":{"sphereUID":4069615675,"cubeUID":3441925136,"ambient":[0.24590164422988892,0.24589918553829194,0.24589918553829194],"defaultscene":"UnityScene"}}