{"window":{"fullscreen":0,"resizable":1,"borderless":0,"fullscreen_desktop":0,"width":1600,"height":828,"brightness":1.0},"renderer":{"msaa":1,"msaa_level":2,"picker_debug":0,"light_debug":0,"quadtree_debug":0,"grid_debug":0,"current_scale":100,"depthTest":1,"wireframe":0,"vsync":0,"frustumMainCamera":0,"skybox":1},"camera":{"position":[-192.83644104003907,367.9183349609375,930.886474609375],"forward":[0.28212589025497439,-0.29221779108047488,-0.9137909412384033],"up":[0.08615048974752426,0.9564086198806763,-0.2790350914001465],"movement":5.0,"rotation":200.0,"zoom":0.10000000149011612,"fov":1.3981318473815919,"znear":10.0,"zfar":100000.0},"textures":{"filter":3},"scene":{"sphereUID":4069615675,"cubeUID":3441925136,"ambient":[0.24590164422988892,0.24589918553829194,0.24589918553829194],"defaultscene":"UnityScene"}}