{"window":{"fullscreen":0,"resizable":1,"borderless":0,"fullscreen_desktop":0,"width":1920,"height":1061,"brightness":1.0},"renderer":{"msaa":1,"msaa_level":2,"picker_debug":0,"light_debug":0,"quadtree_debug":0,"grid_debug":0,"current_scale":100,"depthTest":1,"wireframe":0,"vsync":0,"frustumMainCamera":1,"skybox":1},"camera":{"position":[-3402.818359375,1924.9049072265626,2562.859619140625],"forward":[-0.39444172382354739,-0.7243050932884216,-0.5655068159103394],"up":[-0.4143637418746948,0.6894811391830444,-0.5940693616867065],"movement":5.0,"rotation":200.0,"zoom":0.10000000149011612,"fov":1.0452078580856324,"znear":10.0,"zfar":100000.0},"textures":{"filter":3},"scene":{"sphereUID":4069615675,"cubeUID":3441925136,"ambient":[0.05764579027891159,0.07771362364292145,0.10655736923217774],"defaultscene":"MenuScene","sizeScene":10000},"navigation":{"Cellwidth":21.0,"StepHeight":49.58000183105469,"Generated":1}}