{"window":{"fullscreen":1,"resizable":1,"borderless":0,"fullscreen_desktop":0,"width":1920,"height":1080,"brightness":1.0},"renderer":{"msaa":1,"msaa_level":8,"picker_debug":0,"light_debug":1,"quadtree_debug":1,"grid_debug":1,"current_scale":1,"depthTest":1,"wireframe":0,"vsync":0,"frustumMainCamera":0,"skybox":1},"camera":{"position":[-5.602358818054199,6.094679832458496,14.91659927368164],"forward":[0.6517366170883179,-0.22588860988616944,-0.7240260243415833],"up":[0.1511363834142685,0.9741495847702026,-0.16790008544921876],"movement":5.0,"rotation":200.0,"zoom":0.10000000149011612,"fov":1.0804460048675538,"znear":0.10000000149011612,"zfar":1000.0}}