{"window":{"fullscreen":0,"resizable":1,"borderless":0,"fullscreen_desktop":0,"width":1920,"height":1027,"brightness":1.0},"renderer":{"msaa":1,"msaa_level":2,"picker_debug":0,"light_debug":0,"quadtree_debug":0,"grid_debug":0,"current_scale":100,"depthTest":1,"wireframe":0,"vsync":0,"frustumMainCamera":1,"skybox":1,"gammaCorrector":2.200000047683716,"exposure":1.0,"bloomSpread":80.0,"kernelRadius":10},"camera":{"position":[-1484.9642333984376,2804.73193359375,3839.730224609375],"forward":[0.2694109380245209,-0.4224509298801422,-0.8654206395149231],"up":[0.12556760013103486,0.9063863754272461,-0.40335673093795779],"movement":5.0,"rotation":200.0,"zoom":0.10000000149011612,"fov":1.0452078580856324,"znear":10.0,"zfar":100000.0},"textures":{"filter":3},"camera":{"position":[-1484.9642333984376,2804.73193359375,3839.730224609375],"forward":[0.2694109380245209,-0.4224509298801422,-0.8654206395149231],"up":[0.12556760013103486,0.9063863754272461,-0.40335673093795779],"movement":5.0,"rotation":200.0,"zoom":0.10000000149011612,"fov":1.0452078580856324,"znear":10.0,"zfar":100000.0},"navigation":{"Cellwidth":21.0,"StepHeight":49.58000183105469,"Generated":1,"DrawNavMesh":1},"scene":{"sphereUID":4069615675,"cubeUID":3441925136,"ambient":[0.05764579027891159,0.07771362364292145,0.10655736923217774],"defaultsceneUID":0,"sizeScene":10000}}