{"window":{"fullscreen":0,"resizable":1,"borderless":0,"fullscreen_desktop":0,"width":1920,"height":1027,"brightness":1.0},"renderer":{"msaa":1,"msaa_level":2,"picker_debug":0,"light_debug":0,"quadtree_debug":0,"grid_debug":0,"current_scale":100,"depthTest":1,"wireframe":0,"vsync":0,"frustumMainCamera":0,"skybox":1},"camera":{"position":[1335.181640625,1255.21533203125,937.1588134765625],"forward":[-0.6836512684822083,-0.34656310081481936,-0.6422732472419739],"up":[-0.25244784355163576,0.9380940794944763,-0.23717010021209718],"movement":5.0,"rotation":200.0,"zoom":0.10000000149011612,"fov":1.0452078580856324,"znear":10.0,"zfar":100000.0},"textures":{"filter":3},"scene":{"sphereUID":4069615675,"cubeUID":3441925136,"ambient":[0.24590164422988892,0.24589918553829194,0.24589918553829194],"defaultscene":"UnityScene"}}