{"window":{"fullscreen":0,"resizable":1,"borderless":0,"fullscreen_desktop":0,"width":1280,"height":666,"brightness":1.0},"renderer":{"msaa":1,"msaa_level":2,"picker_debug":0,"light_debug":0,"quadtree_debug":0,"grid_debug":0,"current_scale":100,"depthTest":1,"wireframe":0,"vsync":0,"frustumMainCamera":0,"skybox":1},"textures":{"filter":3},"camera":{"position":[988.9134521484375,2080.613037109375,-317.74896240234377],"forward":[-0.3835274875164032,-0.9223173260688782,0.047303542494773868],"up":[-0.9153819680213928,0.38643163442611697,0.1129009798169136],"movement":5.0,"rotation":200.0,"zoom":0.10000000149011612,"fov":1.0452078580856324,"znear":10.0,"zfar":100000.0},"scene":{"sphereUID":4069615675,"cubeUID":3441925136,"ambient":[1.0,0.9999899864196777,0.9999899864196777],"defaultscene":"VerticalSlice1"}}