{"window":{"fullscreen":0,"resizable":1,"borderless":0,"fullscreen_desktop":0,"width":1604,"height":881,"brightness":1.0},"renderer":{"msaa":1,"msaa_level":2,"picker_debug":0,"light_debug":0,"quadtree_debug":0,"grid_debug":0,"current_scale":100,"depthTest":1,"wireframe":0,"vsync":0,"frustumMainCamera":0,"skybox":1},"camera":{"position":[5463.80810546875,2945.64599609375,1899.845947265625],"forward":[-0.7880058288574219,-0.44004711508750918,-0.43058741092681887],"up":[-0.38615167140960696,0.8979781270027161,-0.21100297570228578],"movement":15.0,"rotation":200.0,"zoom":0.10000000149011612,"fov":0.6981316804885864,"znear":10.0,"zfar":100000.0},"textures":{"filter":3},"scene":{"sphereUID":4069615675,"cubeUID":3441925136,"ambient":[0.24590164422988892,0.24589918553829194,0.24589918553829194],"defaultscene":"UnityScene"}}