{"window":{"fullscreen":0,"resizable":1,"borderless":0,"fullscreen_desktop":0,"width":1920,"height":1027,"brightness":1.0},"renderer":{"msaa":1,"msaa_level":8,"picker_debug":0,"light_debug":1,"quadtree_debug":1,"grid_debug":1,"current_scale":100,"depthTest":1,"wireframe":0,"vsync":1,"frustumMainCamera":0,"skybox":1},"camera":{"position":[909.6444091796875,1850.5418701171876,479.69158935546877],"forward":[-0.5798488855361939,-0.5464817881584168,-0.6042623519897461],"up":[-0.3783554136753082,0.8374886512756348,-0.3942842483520508],"movement":5.0,"rotation":200.0,"zoom":0.10000000149011612,"fov":1.0471975803375245,"znear":10.0,"zfar":100000.0},"textures":{"filter":1},"scene":{"sphereUID":4069615675,"cubeUID":3441925136,"ambient":[0.24590164422988892,0.24589918553829194,0.24589918553829194]}}