{"window":{"fullscreen":0,"resizable":1,"borderless":0,"fullscreen_desktop":0,"width":1684,"height":1027,"brightness":1.0},"renderer":{"msaa":1,"msaa_level":8,"picker_debug":0,"light_debug":0,"quadtree_debug":0,"grid_debug":1,"current_scale":100,"depthTest":1,"wireframe":0,"vsync":1,"frustumMainCamera":1,"skybox":1},"camera":{"position":[758.507080078125,2602.73486328125,-1719.98388671875],"forward":[-0.6419728398323059,-0.4734308123588562,-0.603103756904602],"up":[-0.34503263235092165,0.8808431029319763,-0.3241417706012726],"movement":5.0,"rotation":200.0,"zoom":0.10000000149011612,"fov":1.2471976280212403,"znear":10.0,"zfar":100000.0},"textures":{"filter":1},"scene":{"sphereUID":4069615675,"cubeUID":3441925136,"ambient":[0.24590164422988892,0.24589918553829194,0.24589918553829194]}}