{"window":{"fullscreen":0,"resizable":1,"borderless":0,"fullscreen_desktop":0,"width":1156,"height":736,"brightness":1.0},"renderer":{"msaa":1,"msaa_level":8,"picker_debug":0,"light_debug":1,"quadtree_debug":1,"grid_debug":1,"current_scale":1,"depthTest":1,"wireframe":0,"vsync":1,"frustumMainCamera":0,"skybox":1},"camera":{"position":[-17.360000610351564,18.331623077392579,24.334091186523439],"forward":[0.4984055757522583,-0.4811333417892456,-0.7211814522743225],"up":[0.27358075976371767,0.8766105771064758,-0.39586305618286135],"movement":5.0,"rotation":200.0,"zoom":0.10000000149011612,"fov":0.6981316804885864,"znear":0.10000000149011612,"zfar":1000.0}}