{"window":{"fullscreen":0,"resizable":1,"borderless":0,"fullscreen_desktop":0,"width":1920,"height":1061,"brightness":1.0},"renderer":{"msaa":1,"msaa_level":2,"picker_debug":0,"light_debug":0,"quadtree_debug":0,"grid_debug":0,"current_scale":100,"depthTest":1,"wireframe":0,"vsync":0,"frustumMainCamera":0,"skybox":0},"camera":{"position":[-176.8521728515625,3212.640869140625,2645.228515625],"forward":[-0.5303621888160706,-0.6631426811218262,-0.5281645655632019],"up":[-0.4698866605758667,0.7484921216964722,-0.46793821454048159],"movement":5.0,"rotation":200.0,"zoom":0.10000000149011612,"fov":1.0452078580856324,"znear":10.0,"zfar":100000.0},"textures":{"filter":3},"scene":{"sphereUID":4069615675,"cubeUID":3441925136,"ambient":[0.05764579027891159,0.07771362364292145,0.10655736923217774],"defaultscene":"MenuScene","sizeScene":10000},"navigation":{"Cellwidth":20.75,"StepHeight":39.04999923706055,"Generated":1}}