{
    "window": {
        "fullscreen": 0,
        "resizable": 1,
        "borderless": 0,
        "fullscreen_desktop": 0,
        "width": 2560,
        "height": 1377,
        "brightness": 1.0
    },
    "renderer": {
        "msaa": 1,
        "msaa_level": 2,
        "picker_debug": 0,
        "light_debug": 0,
        "aabbTreeDebug": 0,
        "grid_debug": 0,
        "current_scale": 100,
        "depthTest": 1,
        "wireframe": 0,
        "vsync": 0,
        "frustumMainCamera": 1,
        "skybox": 1,
        "gammaCorrector": 2.200000047683716,
        "exposure": 3.5,
        "bloomSpread": 100.0,
        "kernelRadius": 4
    },
    "textures": {
        "filter": 3
    },
    "camera": {
        "position": [
            -2894.273681640625,
            689.0162353515625,
            1388.0858154296876
        ],
        "forward": [
            0.3354354500770569,
            -0.52891606092453,
            -0.779570996761322
        ],
        "up": [
            0.20905090868473054,
            0.8486753702163696,
            -0.48584774136543276
        ],
        "movement": 5.0,
        "rotation": 200.0,
        "zoom": 0.10000000149011612,
        "fov": 1.0452078580856324,
        "znear": 10.0,
        "zfar": 100000.0
    },
    "scene": {
        "sphereUID": 4069615675,
        "cubeUID": 3441925136,
        "ambient": [
            0.05764579027891159,
            0.07771362364292145,
            0.10655736923217774
        ],
        "defaultsceneUID": 786730955,
        "sizeScene": 10000
    },
    "navigation": {
        "Cellwidth": 21.0,
        "CellHeight": 11.5,
        "MaxRadius": 40.0,
        "MaxHeight": 5.0,
        "SlopeScaling": 50.0,
        "StepHeight": 49.58000183105469
    }
}