{"window":{"fullscreen":0,"resizable":1,"borderless":0,"fullscreen_desktop":0,"width":1604,"height":881,"brightness":1.0},"renderer":{"msaa":1,"msaa_level":2,"picker_debug":0,"light_debug":0,"quadtree_debug":0,"grid_debug":0,"current_scale":100,"depthTest":1,"wireframe":0,"vsync":0,"frustumMainCamera":0,"skybox":1},"camera":{"position":[4398.19580078125,2672.452392578125,2387.86376953125],"forward":[-0.7558228373527527,-0.37126410007476809,-0.5393468141555786],"up":[-0.3022041618824005,0.9285301566123962,-0.21564894914627076],"movement":15.0,"rotation":200.0,"zoom":0.10000000149011612,"fov":0.6981316804885864,"znear":10.0,"zfar":100000.0},"textures":{"filter":3},"scene":{"sphereUID":4069615675,"cubeUID":3441925136,"ambient":[0.24590164422988892,0.24589918553829194,0.24589918553829194],"defaultscene":"UnityScene"}}