{"window":{"fullscreen":0,"resizable":1,"borderless":0,"fullscreen_desktop":0,"width":1680,"height":987,"brightness":1.0},"renderer":{"msaa":1,"msaa_level":2,"picker_debug":0,"light_debug":0,"quadtree_debug":0,"grid_debug":0,"current_scale":100,"depthTest":1,"wireframe":0,"vsync":0,"frustumMainCamera":0,"skybox":0},"camera":{"position":[-896.1205444335938,3111.730712890625,1856.3690185546876],"forward":[-0.39571890234947207,-0.5568742752075195,-0.7302723526954651],"up":[-0.26531100273132326,0.8305964469909668,-0.4896118640899658],"movement":5.0,"rotation":200.0,"zoom":0.10000000149011612,"fov":1.0452078580856324,"znear":10.0,"zfar":100000.0},"textures":{"filter":3},"camera":{"position":[-896.1205444335938,3111.730712890625,1856.3690185546876],"forward":[-0.39571890234947207,-0.5568742752075195,-0.7302723526954651],"up":[-0.26531100273132326,0.8305964469909668,-0.4896118640899658],"movement":5.0,"rotation":200.0,"zoom":0.10000000149011612,"fov":1.0452078580856324,"znear":10.0,"zfar":100000.0},"scene":{"sphereUID":4069615675,"cubeUID":3441925136,"ambient":[0.05764579027891159,0.07771362364292145,0.10655736923217774],"defaultscene":"VerticalSlice2","sizeScene":10000},"navigation":{"Cellwidth":20.25,"StepHeight":5.0,"Generated":0}}