{"window":{"fullscreen":0,"resizable":1,"borderless":0,"fullscreen_desktop":0,"width":1920,"height":1027,"brightness":1.0},"renderer":{"msaa":1,"msaa_level":2,"picker_debug":0,"light_debug":0,"quadtree_debug":0,"grid_debug":0,"current_scale":100,"depthTest":1,"wireframe":0,"vsync":0,"frustumMainCamera":1,"skybox":1},"camera":{"position":[-1361.4002685546876,2447.87841796875,3437.774658203125],"forward":[0.259596586227417,-0.6373584270477295,-0.7255231738090515],"up":[0.2147194743156433,0.7705690264701843,-0.6000990867614746],"movement":5.0,"rotation":200.0,"zoom":0.10000000149011612,"fov":1.0452078580856324,"znear":10.0,"zfar":100000.0},"textures":{"filter":3},"camera":{"position":[-1361.4002685546876,2447.87841796875,3437.774658203125],"forward":[0.259596586227417,-0.6373584270477295,-0.7255231738090515],"up":[0.2147194743156433,0.7705690264701843,-0.6000990867614746],"movement":5.0,"rotation":200.0,"zoom":0.10000000149011612,"fov":1.0452078580856324,"znear":10.0,"zfar":100000.0},"scene":{"sphereUID":4069615675,"cubeUID":3441925136,"ambient":[0.05764579027891159,0.07771362364292145,0.10655736923217774],"defaultscene":"MenuScene","sizeScene":10000},"navigation":{"Cellwidth":21.0,"StepHeight":49.58000183105469,"Generated":1}}