{"window":{"fullscreen":0,"resizable":1,"borderless":0,"fullscreen_desktop":0,"width":1920,"height":1017,"brightness":1.0},"renderer":{"msaa":1,"msaa_level":2,"picker_debug":0,"light_debug":0,"quadtree_debug":0,"grid_debug":0,"current_scale":100,"depthTest":1,"wireframe":0,"vsync":0,"frustumMainCamera":0,"skybox":1},"textures":{"filter":3},"camera":{"position":[3431.363037109375,1915.0799560546876,1906.72216796875],"forward":[-0.8137145638465881,-0.4348036050796509,-0.3857649266719818],"up":[-0.3928868770599365,0.9005261659622192,-0.18625976145267487],"movement":5.0,"rotation":200.0,"zoom":0.10000000149011612,"fov":1.0452078580856324,"znear":10.0,"zfar":100000.0},"scene":{"sphereUID":4069615675,"cubeUID":3441925136,"ambient":[1.0,0.9999899864196777,0.9999899864196777],"defaultscene":"VerticalSlice1"}}