{"window":{"fullscreen":0,"resizable":1,"borderless":0,"fullscreen_desktop":0,"width":2560,"height":1377,"brightness":1.0},"renderer":{"msaa":1,"msaa_level":2,"picker_debug":0,"light_debug":0,"quadtree_debug":0,"grid_debug":0,"current_scale":100,"depthTest":1,"wireframe":0,"vsync":0,"frustumMainCamera":0,"skybox":0},"camera":{"position":[-793.1656494140625,1564.178955078125,2898.06298828125],"forward":[-0.536279022693634,-0.3498690128326416,-0.768112301826477],"up":[-0.2002859264612198,0.936798632144928,-0.28686925768852236],"movement":5.0,"rotation":200.0,"zoom":0.10000000149011612,"fov":1.0452078580856324,"znear":10.0,"zfar":100000.0},"textures":{"filter":3},"camera":{"position":[-793.1656494140625,1564.178955078125,3086.01708984375],"forward":[-0.536279022693634,-0.3498690128326416,-0.768112301826477],"up":[-0.2002859264612198,0.936798632144928,-0.28686925768852236],"movement":5.0,"rotation":200.0,"zoom":0.10000000149011612,"fov":1.0452078580856324,"znear":10.0,"zfar":100000.0},"scene":{"sphereUID":4069615675,"cubeUID":3441925136,"ambient":[0.05764579027891159,0.07771362364292145,0.10655736923217774],"defaultscene":"","sizeScene":10000}}