{"window":{"fullscreen":0,"resizable":1,"borderless":0,"fullscreen_desktop":0,"width":1680,"height":987,"brightness":1.0},"renderer":{"msaa":1,"msaa_level":2,"picker_debug":0,"light_debug":0,"quadtree_debug":0,"grid_debug":0,"current_scale":100,"depthTest":1,"wireframe":0,"vsync":0,"frustumMainCamera":0,"skybox":0},"camera":{"position":[-3424.14892578125,2674.64453125,3831.23095703125],"forward":[-0.16167305409908296,-0.49370819330215456,-0.8544671535491943],"up":[-0.09178623557090759,0.8696277737617493,-0.4851011037826538],"movement":5.0,"rotation":200.0,"zoom":0.10000000149011612,"fov":1.0452078580856324,"znear":10.0,"zfar":100000.0},"textures":{"filter":3},"camera":{"position":[-3424.14892578125,2674.64453125,3831.23095703125],"forward":[-0.16167305409908296,-0.49370819330215456,-0.8544671535491943],"up":[-0.09178623557090759,0.8696277737617493,-0.4851011037826538],"movement":5.0,"rotation":200.0,"zoom":0.10000000149011612,"fov":1.0452078580856324,"znear":10.0,"zfar":100000.0},"scene":{"sphereUID":4069615675,"cubeUID":3441925136,"ambient":[0.05764579027891159,0.07771362364292145,0.10655736923217774],"defaultscene":"","sizeScene":10000}}