{
    "window": {
        "fullscreen": 0,
        "resizable": 1,
        "borderless": 0,
        "fullscreen_desktop": 0,
        "width": 1920,
        "height": 1017,
        "brightness": 1.0
    },
    "renderer": {
        "msaa": 1,
        "msaa_level": 2,
        "picker_debug": 0,
        "light_debug": 0,
        "aabbTreeDebug": 0,
        "grid_debug": 0,
        "current_scale": 100,
        "depthTest": 1,
        "wireframe": 0,
        "vsync": 0,
        "frustumMainCamera": 0,
        "skybox": 1,
        "gammaCorrector": 2.200000047683716,
        "exposure": 3.5
    },
    "textures": {
        "filter": 3
    },
    "camera": {
        "position": [
            -2224.310546875,
            1335.802734375,
            974.477294921875
        ],
        "forward": [
            -0.41898855566978457,
            -0.717045783996582,
            -0.5570403933525086
        ],
        "up": [
            -0.431012898683548,
            0.6970432996749878,
            -0.5730258822441101
        ],
        "movement": 5.0,
        "rotation": 200.0,
        "zoom": 0.10000000149011612,
        "fov": 1.0452078580856324,
        "znear": 10.0,
        "zfar": 100000.0
    },
    "scene": {
        "sphereUID": 4069615675,
        "cubeUID": 3441925136,
        "ambient": [
            0.05764579027891159,
            0.07771362364292145,
            0.10655736923217774
        ],
        "defaultsceneUID": 1398428746,
        "sizeScene": 10000
    },
    "navigation": {
        "Cellwidth": 21.0,
        "CellHeight": 11.5,
        "MaxRadius": 40.0,
        "MaxHeight": 5.0,
        "SlopeScaling": 50.0,
        "StepHeight": 49.58000183105469
    },
    "uiConfig": {
        "uiCursor": "GhostGlow.cur",
        "gameStandarCursor": "Glow.cur"
    },
    "scripts": {
        "hotReloading": 1
    }
}