{"window":{"fullscreen":0,"resizable":1,"borderless":0,"fullscreen_desktop":0,"width":1405,"height":1027,"brightness":1.0},"renderer":{"msaa":1,"msaa_level":2,"picker_debug":0,"light_debug":0,"quadtree_debug":0,"grid_debug":0,"current_scale":100,"depthTest":1,"wireframe":0,"vsync":0,"frustumMainCamera":0,"skybox":1},"camera":{"position":[2847.219970703125,434.1796875,482.7071838378906],"forward":[-0.05726437270641327,-0.006789482198655605,-0.9983360767364502],"up":[-0.0003892524109687656,0.9999768733978272,-0.006791795138269663],"movement":5.0,"rotation":200.0,"zoom":0.10000000149011612,"fov":1.0452078580856324,"znear":10.0,"zfar":100000.0},"textures":{"filter":3},"camera":{"position":[2847.219970703125,434.1796875,482.7071838378906],"forward":[-0.05726437270641327,-0.006789482198655605,-0.9983360767364502],"up":[-0.0003892524109687656,0.9999768733978272,-0.006791795138269663],"movement":5.0,"rotation":200.0,"zoom":0.10000000149011612,"fov":1.0452078580856324,"znear":10.0,"zfar":100000.0},"scene":{"sphereUID":4069615675,"cubeUID":3441925136,"ambient":[0.06557375192642212,0.06396128237247467,0.06396128237247467],"defaultscene":"","sizeScene":10000}}

