{"nodes":{"node:1":{"location":{"x":278,"y":385}},"node:4":{"location":{"x":315,"y":305}}},"selection":[],"view":{"scroll":{"x":12.164785385131836,"y":113.83403015136719},"zoom":1.25}}