{"nodes":{"node:1":{"location":{"x":370,"y":118}}},"selection":["node:1"],"view":{"scroll":{"x":196.15107727050781,"y":-110.04541015625},"zoom":1.25}}