{"nodes":{"node:1":{"location":{"x":378,"y":81}},"node:4":{"location":{"x":587,"y":193}}},"selection":["link:7"],"view":{"scroll":{"x":229.18675231933594,"y":-88.258956909179688},"zoom":1.25}}