{"nodes":{"node:1":{"location":{"x":346,"y":145}},"node:4":{"location":{"x":624,"y":95}}},"selection":["link:8"],"view":{"scroll":{"x":-31.835153579711914,"y":-40.165985107421875},"zoom":1.25}}