{"nodes":{"node:1":{"location":{"x":446,"y":308}},"node:4":{"location":{"x":378,"y":113}}},"selection":[],"view":{"scroll":{"x":-31.835153579711914,"y":-40.165985107421875},"zoom":1.25}}