{"nodes":{"node:1":{"location":{"x":538,"y":145}}},"selection":[],"view":{"scroll":{"x":58.564781188964844,"y":-42.965988159179688},"zoom":1}}