{"nodes":{"node:1":{"location":{"x":0,"y":0}}},"selection":[],"view":{"scroll":{"x":-12126.98828125,"y":-21131.0078125},"zoom":0.43263545632362366}}