{"nodes":{},"selection":[],"view":{"scroll":{"x":-37216.328125,"y":-65285.58203125},"zoom":1.3488167524337769}}