{"GameObjects":[{"UID":1302994113,"ParentUID":0,"Name":"myDollHouse","Static":0,"ActiveInHierarchy":1,"ActiveSelf":1,"isBoneRoot":0,"baseState":[1.0,0.0,0.0,0.0,0.0,1.0,0.0,0.0,0.0,0.0,1.0,0.0,0.0,0.0,0.0,1.0],"Navigable":0,"Walkable":0,"No Walkable":0,"openInHierarchy":1,"isPrefab":0,"isPrefabSync":0,"prefabUID":0,"Components":[{"Type":1,"Enabled":1,"meshUID":1316972509,"materialFile":"DollHouse","castShadows":0,"useAlpha":0},{"Type":0,"Enabled":1,"Position":[0.0,0.0,0.0],"Rotation":[0.0,0.0,0.0,1.0],"Euler":[-0.0,0.0,-0.0],"Scale":[1.0,1.0,1.0],"Global":[1.0,0.0,0.0,0.0,0.0,1.0,0.0,0.0,0.0,0.0,1.0,0.0,0.0,0.0,0.0,1.0]}]},{"UID":3167003774,"ParentUID":0,"Name":"Directional","Static":0,"ActiveInHierarchy":1,"ActiveSelf":1,"isBoneRoot":0,"baseState":[1.0,0.0,0.0,0.0,0.0,1.0,0.0,0.0,0.0,0.0,1.0,0.0,0.0,0.0,0.0,1.0],"Navigable":0,"Walkable":0,"No Walkable":0,"openInHierarchy":1,"isPrefab":0,"isPrefabSync":0,"prefabUID":0,"Components":[{"Type":0,"Enabled":1,"Position":[0.0,0.0,0.0],"Rotation":[0.302844762802124,0.0,0.0,0.9530398845672607],"Euler":[35.2570915222168,0.0,-0.0],"Scale":[1.0,0.9999986886978149,0.9999986886978149],"Global":[1.0,0.0,0.0,0.0,0.0,0.8165690302848816,-0.5772454738616943,0.0,0.0,0.5772454738616943,0.8165690302848816,0.0,0.0,0.0,0.0,1.0]},{"Type":3,"Enabled":1,"Lighttype":0,"color":[1.0,1.0,1.0],"intensity":36.0,"produceShadows":0}]}],"navigationScene":{"NavigableObjectName":"","RenderNavMesh":1}}