{"GameObjects":[{"UID":3999714143,"ParentUID":0,"Name":"RootNode","Static":0,"Components":[{"Type":0,"Enabled":1,"Position":[0.0,0.0,0.0],"Rotation":[0.0,0.0,0.0,1.0],"Euler":[-0.0,0.0,-0.0],"Scale":[1.0,1.0,1.0],"Global":[1.0,0.0,0.0,0.0,0.0,1.0,0.0,0.0,0.0,0.0,1.0,0.0,0.0,0.0,0.0,1.0]}]},{"UID":881120654,"ParentUID":3999714143,"Name":"watchtowerHigh","Static":0,"Components":[{"Type":0,"Enabled":1,"Position":[0.0,67.14997100830078,0.0],"Rotation":[-0.7071068286895752,0.0,0.0,0.7071067094802856],"Euler":[-90.00000762939453,0.0,0.0],"Scale":[100.0,100.0,100.0],"Global":[100.0,0.0,0.0,0.0,0.0,-0.000016292067812173629,100.0,67.14997100830078,0.0,-100.0,-0.000016292067812173629,0.0,0.0,0.0,0.0,1.0]},{"Type":1,"Enabled":1,"meshUID":1824351975,"materialFile":"Default"}]}]}